theta,emf a,emf b,emf c
radian,volt,volt,volt
0.0,233.31253774821656,-83.17580552109914,-179.66571926938366
0.0012578949563923096,233.19810781419946,-81.42125465716657,-180.81623031925355
0.002515789912784619,233.07465169867928,-79.65485832172877,-181.95763979589813
0.0037736848691769286,232.94225693472384,-77.87754228647907,-183.0897610986863
0.005031579825569238,232.80103298175536,-76.09031977382566,-184.2123616788277
0.006289474781961548,232.65110729601068,-74.29428216577881,-185.32516206200944
0.007547369738353857,232.49262151128656,-72.49058876159904,-186.42783587934935
0.008805264694746167,232.32572780241335,-70.68045573888227,-187.5200109213214
0.010063159651138477,232.15058549562934,-68.86514448301925,-188.60127120866647
0.011321054607530787,231.96735798049886,-67.04594945719982,-189.6711600538772
0.012578949563923096,231.77620996745532,-65.22418578925829,-190.72918406702058
0.013836844520315406,231.57730512372743,-63.40117675261952,-191.7748180408524
0.015094739476707714,231.37080410859204,-61.57824131647733,-192.80751063272936
0.016352634433100026,231.15686301687853,-59.756681935164764,-193.8266907450959
0.017610529389492334,230.9356322277163,-57.93777273864818,-194.83177449260097
0.018868424345884646,230.7072556439533,-56.122748275371194,-195.82217263244718
0.020126319302276954,230.47187029674947,-54.31279294556063,-196.7972983256096
0.02138421425866926,230.22960627983008,-52.50903124787031,-197.75657509022997
0.022642109215061573,229.98058696899886,-50.71251894522491,-198.69944480490838
0.02390000417145388,229.72492947497338,-48.924235237291505,-199.62537561883136
0.025157899127846193,229.4627452715883,-47.145076007545526,-200.53386962766564
0.0264157940842385,229.19414093706072,-45.37584819280809,-201.4244701788787
0.027673689040630813,228.91921894342133,-43.61726530282358,-202.2967686774698
0.02893158399702312,228.63807842845245,-41.8699440973273,-203.15041077286182
0.03018947895341543,228.3508158855525,-40.13440240850912,-203.9851018196935
0.03144737390980774,228.05752570983714,-38.41105807820274,-204.80061151919585
0.03270526886620005,227.75830054343095,-36.7002289618508,-205.59677766345348
0.03396316382259236,227.4532313691765,-35.00213393564979,-206.3735089218021
0.03522105877898467,227.14240730975436,-33.31689482952614,-207.1307866265565
0.036478953735376976,226.8259150982699,-31.64453919697852,-207.8686655338265
0.03773684869176929,226.50383819651785,-29.985003823518316,-208.58727355399157
0.0389947436481616,226.17625554812557,-28.338138868583446,-209.28681046508413
0.04025263860455391,225.84323996535144,-26.703712531460734,-209.96754564052006
0.041510533560946215,225.50485616017787,-25.08141612995836,-210.62981483994457
0.04276842851733852,225.16115844221957,-23.470869481269673,-211.27401612811047
0.04402632347373084,224.8121881175547,-21.871626477595942,-211.90060500135633
0.045284218430123147,224.45797063360587,-20.283180754480814,-212.5100888141518
0.046542113386515455,224.0985125253631,-18.704971357287956,-213.10302060907046
0.04780000834290776,223.73379822729322,-17.13638832057474,-213.67999246227075
0.04905790329930008,223.36378682298133,-15.57677808601968,-214.24162846296016
0.050315798255692386,222.98840881068958,-14.025448696738103,-214.78857744929604
0.051573693212084694,222.607562967415,-12.481674718955231,-215.32150562470594
0.052831588168477,222.22111339655373,-10.944701855739346,-215.84108917768643
0.05408948312486931,221.82888684481892,-9.41375123148895,-216.3480070248467
0.055347378081261625,221.43067037257353,-7.8880233397601085,-216.84293379138018
0.05660527303765393,221.02620945820996,-6.366701660456129,-217.32653313546297
0.05786316799404624,220.61520661167725,-4.848955965066848,-217.79945151345942
0.05912106295043855,220.1973205647931,-3.333945340202939,-218.26231247152128
0.06037895790683086,219.7721660967372,-1.8208209698637159,-218.71571153644038
0.06163685286322317,219.3393145422308,-0.3087287254339593,-219.16021176477457
0.06289474781961547,218.89829501761747,1.2031883808619663,-219.5963399945962
0.0641526427760078,218.44859638657493,2.715787818593805,-220.02458382905877
0.0654105377324001,217.98966997280795,4.229925174764996,-220.44538936565675
0.06666843268879241,217.52093301207455,5.746451738935306,-220.8591596698982
0.06792632764518472,217.04177282060664,7.266211976036252,-221.26625397743803
0.06918422260157703,216.55155164172365,8.790040828973149,-221.66698759483955
0.07044211755796934,216.0496121175297,10.318760799036808,-222.06163245631848
0.07170001251436164,215.53528331836995,11.85317875998167,-222.45041828233505
0.07295790747075395,215.00788724949913,13.394082471181145,-222.83353427596472
0.07421580242714626,214.46674574250727,14.942236766303802,-223.21113128476688
0.07547369738353858,213.9111876287121,16.49837940620268,-223.5833243495406
0.07673159233993089,213.34055608322703,18.063216597869236,-223.95019555700338
0.0779894872963232,212.75421602195223,19.637418195055332,-224.31179711110306
0.0792473822527155,212.15156142949243,21.221612610152746,-224.66815453739446
0.08050527720910781,211.53202249410185,22.816381480809216,-225.0192699366326
0.08176317216550012,210.8950724262827,24.422254148175636,-225.36512520738324
0.08302106712189243,210.24023384064037,26.03970201629021,-225.70568516289785
0.08427896207828474,209.56708458601776,27.669132873567403,-226.04090047458863
0.08553685703467705,208.8752629167137,29.31088526736259,-226.37071038296256
0.08679475199106937,208.16447190761616,30.965223030843564,-226.69504512662277
0.08805264694746168,207.4344830281891,32.63233006766765,-227.01382805063795
0.08931054190385398,206.68513880421398,34.31230550403086,-227.32697736698134
0.09056843686024629,205.91635451176222,36.005159319359585,-227.63440755152843
0.0918263318166386,205.1281188647608,37.71080856614864,-227.93603037401223
0.09308422677303091,204.32049367539022,39.42907428615043,-228.2317555690625
0.09434212172942322,203.49361248507958,41.1596792242839,-228.52149116771582
0.09560001668581553,202.647678182666,42.902246433315895,-228.80514351931177
0.09685791164220783,201.7829596449969,44.65629885167642,-229.08261704322547
0.09811580659860016,200.89978745349435,46.4212599238663,-229.35381375820813
0.09937370155499246,199.9985487576004,48.19645531800785,-229.61863264400998
0.10063159651138477,199.0796813722248,49.98111577844335,-229.87696889528377
0.10188949146777708,198.14366721098165,51.77438113319996,-230.12871313138538
0.10314738642416939,197.19102516982278,53.57530545694175,-230.3737506275131
0.1044052813805617,196.22230358637736,55.38286337010692,-230.61196063261298
0.105663176336954,195.23807240865406,57.195957434639126,-230.8432158376355
0.10692107129334631,194.23891521256627,59.013426586502824,-231.06738205407794
0.10817896624973862,193.2254212108634,60.834055525397424,-231.2843181574045
0.10943686120613094,192.19817739640462,62.65658496319097,-231.4938763429933
0.11069475616252325,191.15776096026778,64.47972261494738,-231.6959027339051
0.11195265111891556,190.1047321199696,66.30215480042327,-231.8902383701833
0.11321054607530787,189.03962748516594,68.12255850988655,-232.07672059881276
0.11446844103170017,187.96295407773974,69.9396137763893,-232.25518487212884
0.11572633598809248,186.8751841103664,71.75201618747612,-232.4254669506514
0.11698423094448479,185.77675061269437,73.55848936295226,-232.58740549430053
0.1182421259008771,184.66804397750326,75.35779722194886,-232.7408450140188
0.1195000208572694,183.54940948089708,77.14875586221346,-232.88563914426513
0.12075791581366171,182.42114581113944,78.93024487739405,-233.02165418594254
0.12201581077005404,181.2835046205063,80.701217944051,-233.14877285933747
0.12327370572644634,180.13669109392973,82.46071251917427,-233.26689819784002
0.12453160068283865,178.98086550764302,84.20785850096395,-233.37595750579786
0.12578949563923095,177.81614573093162,85.9418857203785,-233.47590629803594
0.12704739059562328,176.6426106048423,87.66213014820588,-233.5667321345011
0.1283052855520156,175.46030411371805,89.36803872190427,-233.648458261299
0.1295631805084079,174.2692402490574,91.05917271782293,-233.72114696915423
0.1308210754648002,173.06940845080328,92.73520961729656,-233.78490258208748
0.13207897042119252,171.8607794990411,94.39594343908907,-233.83987399286454
0.13333686537758482,170.64331171949112,96.0412835353053,-233.886256667475
0.13459476033397713,169.4169573593302,97.67125187275953,-233.9242940484644
0.13585265529036944,168.18166898592364,99.28597884640914,-233.9542782962268
0.13711055024676175,166.9374057600919,100.88569769539436,-233.97655031820773
0.13836844520315406,165.68413943762457,102.47073761501181,-233.99149904815056
0.13962634015954636,164.42185995784558,104.04151567917508,-233.99955995081496
0.14088423511593867,163.150580486078,105.59852770717822,-234.00121274173398
0.14214213007233098,161.8703417876763,107.14233822551435,-233.99697832627916
0.1434000250287233,160.5812158247219,108.67356968979695,-233.9874149772589
0.1446579199851156,159.2833084822436,110.19289114321481,-233.973113785193
0.1459158149415079,157.976761348631,111.70100649620882,-233.95469342996418
0.1471737098979002,156.66175249441864,113.19864261702918,-233.93279433644545
0.14843160485429252,155.3384962144462,114.68653742443249,-233.90807228964678
0.14968949981068486,154.00724172013628,116.16542817196743,-233.8811915966392
0.15094739476707716,152.6682707908529,117.6360401081215,-233.85281789274774
0.15220528972346947,151.3218944155628,119.09907568815382,-233.82361069802843
0.15346318467986178,149.96844847787483,120.5552045018806,-233.79421583667843
0.1547210796362541,148.6082885585433,122.00505406724194,-233.7652578366045
0.1559789745926464,147.24178394925505,123.44920162242393,-233.7373324287985
0.1572368695490387,145.8693109895844,124.88816702997563,-233.71099926636361
0.158494764505431,144.49124585501465,126.32240688511067,-233.68677498097136
0.15975265946182332,143.10795693755622,127.75230989762684,-233.66512669025354
0.16101055441821563,141.71979697145548,129.17819359304136,-233.64646606318402
0.16226844937460794,140.32709506454006,130.60030235408658,-233.63114404202196
0.16352634433100025,138.93014880071073,132.01880679910062,-233.61944630900814
0.16478423928739255,137.52921658083915,133.43380446953952,-233.61158957393175
0.16604213424378486,136.12451036780655,134.84532177530886,-233.60771874514387
0.16730002920017717,134.71618899663147,136.25331712427905,-233.60790503183867
0.16855792415656948,133.30435220263973,137.65768514165504,-233.61214500974893
0.16981581911296179,131.8890355095753,139.0582618661798,-233.6203606661008
0.1710737140693541,130.47020610561324,140.45483079382007,-233.63240042306413
0.1723316090257464,129.04775981867752,141.8471296259009,-233.64804112234472
0.17358950398213874,127.62151928357517,143.23485756787244,-233.6669909373041
0.17484739893853105,126.19123337259796,144.61768301718865,-233.68889316339224
0.17610529389492335,124.75657793878466,145.99525147428687,-233.7133308230229
0.17736318885131566,123.31715789741342,147.36719350943275,-233.73983200760154
0.17862108380770797,121.87251064694316,148.73313262024345,-233.76787586749245
0.17987897876410028,120.42211080600623,150.09269281995427,-233.7968991504939
0.18113687372049259,118.96537621863733,151.44550580482124,-233.82630318108644
0.1823947686768849,117.50167515617123,152.79121756027104,-233.85546116647302
0.1836526636332772,116.03033462160278,154.12949427927086,-233.8837257113423
0.1849105585896695,114.5506496411151,155.46002748261134,-233.91043642143939
0.18616845354606182,113.06189340833735,156.782538249023,-233.9349274764257
0.18742634850245413,111.56332813007025,158.09678048292102,-233.95653505513033
0.18868424345884643,110.05421640802874,159.40254316867447,-233.9746045010709
0.18994213841523874,108.53383297987156,160.6996515822063,-233.98849712293176
0.19120003337163105,107.00147663463333,161.9879674530057,-233.99759653337898
0.19245792832802336,105.45648211280266,163.26738809182768,-234.00131443996676
0.19371582328441567,103.89823179979305,164.53784452102678,-233.9990958137321
0.19497371824080797,102.32616702346189,165.7992986651948,-233.9904233741154
0.1962316131972003,100.73979877161285,167.05173967914132,-233.97482134281654
0.19748950815359262,99.13871765396485,168.29517950788954,-233.95185843380156
0.19874740310998493,97.52260294473271,169.52964778892388,-233.92115006160373
0.20000529806637724,95.89123055651207,170.7551862201204,-233.88235976501483
0.20126319302276954,94.24447981332563,171.971842527373,-233.8351998579214
0.20252108797916185,92.58233891014672,173.1796641736952,-233.77943133311462
0.20377898293555416,90.9049089675995,174.37869195640695,-233.7148630581059
0.20503687789194647,89.2124066134461,175.5689536408195,-233.6413503140515
0.20629477284833878,87.50516504648529,176.75045777759718,-233.55879273959644
0.20755266780473108,85.78363356314894,177.92318784675456,-233.46713175058147
0.2088105627611234,84.0483755519503,179.08709686413522,-233.36634751395502
0.2100684577175157,82.30006498553863,180.24210257638381,-233.25645555976394
0.211326352673908,80.53948146401643,181.3880833580782,-233.1375031186725
0.21258424763030032,78.76750388593165,182.52487491010086,-233.00956527404014
0.21384214258669262,76.98510284456998,183.65226784179703,-232.87274101717136
0.21510003754308493,75.19333186646708,184.77000620135055,-232.7271492919803
0.21635793249947724,73.39331762609751,185.87778699946057,-232.57292511107767
0.21761582745586955,71.58624928519603,186.9752607512391,-232.41021581930963
0.21887372241226188,69.77336711688815,188.06203304066355,-232.23917757322846
0.2201316173686542,67.95595058357,189.137667091334,-232.05997209604772
0.2213895123250465,66.13530604316124,190.20168730711015,-231.87276375755548
0.2226474072814388,64.31275426090448,191.2535837268375,-231.67771701748438
0.22390530223783112,62.489617903290345,192.29281731919855,-231.4749942592331
0.22516319719422342,60.66720918702293,193.31882602709945,-231.26475402888065
0.22642109215061573,58.8468178493202,194.33103145623545,-231.04714968242243
0.22767898710700804,57.02969959644578,195.32884608986944,-230.82232843237668
0.22893688206340035,55.21706517542635,196.31168090162106,-230.5904307736266
0.23019477701979266,53.410070199692846,197.278953230398,-230.35159025786857
0.23145267197618496,51.60980584321492,198.23009477663953,-230.10593357654957
0.23271056693257727,49.817290499927005,199.16455957684866,-229.85358090394766
0.23396846188896958,48.03346248624678,200.08183181400383,-229.59464644524766
0.2352263568453619,46.25917384466134,200.9814333248109,-229.32923912926813
0.2364842518017542,44.49518528610488,201.86293067079953,-229.05746338201195
0.2377421467581465,42.742162288589874,202.72594164884117,-228.77941991553467
0.2390000417145388,41.00067234967205,203.57014112756957,-228.49520646677914
0.24025793667093112,39.27118337122524,204.39526610918924,-228.20491842301894
0.24151583162732343,37.5540631370316,205.20111993097422,-227.90864927433094
0.24277372658371577,35.849579827193175,205.98757553708907,-227.60649083898917
0.24403162154010807,34.157903498639655,206.75457776885187,-227.29853321471748
0.24528951649650038,32.4791084482951,207.50214463986256,-226.9848644171732
0.2465474114528927,30.8131763649903,208.2303675811518,-226.66556967667697
0.247805306409285,29.160000168111065,208.93941066030064,-226.34073037480294
0.2490632013656773,27.51938842537123,209.62950879696115,-226.01042261376531
0.2503210963220696,25.891070239031176,210.30096501500725,-225.6747154232873
0.2515789912784619,24.274700489345793,210.9541467883284,-225.3336686215535
0.25283688623485423,22.66986532595121,211.58948155271145,-224.9873303586098
0.25409478119124657,21.076087802178506,212.20745147006386,-224.63573438192063
0.25535267614763885,19.492833553738553,212.80858754315474,-224.27889707441477
0.2566105711040312,17.919516431655257,213.39346318887658,-223.91681432499192
0.25786846606042346,16.355504009474693,213.96268738560164,-223.54945829987125
0.2591263610168158,14.800122896353827,214.51689751540576,-223.17677419009974
0.2603842559732081,13.252663800336645,215.05675202468063,-222.79867701583515
0.2616421509296004,11.71238629959569,215.58292302696316,-222.41504857148772
0.2629000458859927,10.178523293331668,216.09608896968265,-222.02573459735007
0.26415794084238503,8.65028511800221,216.59692748207817,-221.63054226287514
0.2654158357987773,7.126863328264898,217.08610851488,-221.22923804425355
0.26667373075516965,5.607434155103506,217.56428787367116,-220.82154607440134
0.2679316257115619,4.091161665762322,218.03210123735676,-220.40714703696239
0.26918952066795426,2.577200661016336,218.4901587411245,-219.98567766755684
0.27044741562434654,1.0646993547135415,218.939040189958,-219.5567309154161
0.2717053105807389,-0.4471981118095457,219.3792909544698,-219.1198568069302
0.27296320553713116,-1.959349262089174,219.81141858586722,-218.6745640397083
0.2742211004935235,-3.472610921635195,220.23589017158602,-218.22032232178864
0.2754789954499158,-4.987836836195024,220.65313043784823,-217.7565654559074
0.2767368904063081,-6.505875208253412,221.06352059044946,-217.28269515354748
0.27799478536270045,-8.027566091655128,221.46739787076342,-216.79808554817444
0.2792526803190927,-9.553738589161988,221.86505579057788,-216.30208836193952
0.28051057527548506,-11.085207804656617,222.25674499718878,-215.79403866552514
0.28176847023187734,-12.62277151042457,222.64267470944645,-215.2732611570538
0.2830263651882697,-14.167206500274682,223.023014656351,-214.73907687337876
0.28428426014466196,-15.719264610929935,223.3978974425102,-214.19081023591787
0.2855421551010543,-17.27966840686836,223.76742125942084,-213.62779632374983
0.2868000500574466,-18.849106537287994,224.13165285819005,-213.0493882591814
0.2880579450138389,-20.428228787784004,224.4906306980144,-212.4549645856262
0.2893158399702312,-22.017640863308213,224.84436818546183,-211.8439365145487
0.29057373492662353,-23.617898952677898,225.19285692229835,-211.21575491752884
0.2918316298830158,-25.22950413795555,225.53606988416826,-210.56991694125588
0.29308952483940814,-26.8528967241025,225.8739644587255,-209.9059721274641
0.2943474197958004,-28.488450575073173,226.20648527964752,-209.22352792643224
0.29560531475219276,-30.136467551688927,226.53356680212758,-208.52225450159503
0.29686320970858504,-31.79717215391667,226.85513557569794,-207.80188873390463
0.2981211046649774,-33.470706475373234,227.17111218131612,-207.06223734764225
0.2993789996213697,-35.157125580775066,227.48141281127656,-206.3031790941882
0.300636894577762,-36.8563934175376,227.7859504823967,-205.52466594652236
0.30189478953415433,-38.56837937069385,228.08463588478054,-204.72672327465366
0.3031526844905466,-40.292855565734335,228.37737787999163,-203.90944899042375
0.30441057944693894,-42.029495016885484,228.66408367339503,-203.07301166883698
0.3056684744033312,-43.77787070881896,228.9446586954886,-202.21764767187602
0.30692636935972356,-45.537455687969434,229.21900623600254,-201.34365731928358
0.30818426431611584,-47.30762422569654,229.48702688217404,-200.4514001686582
0.3094421592725082,-49.087654099722904,229.7486178187446,-199.54128948405327
0.31070005422890046,-50.87673002286564,230.00367205170235,-198.6137859877493
0.3119579491852928,-52.6739482294007,230.25207762052986,-197.66939100363962
0.3132158441416851,-54.47832220978357,230.49371686462035,-196.70863911247596
0.3144737390980774,-56.28878956430315,230.72846580859732,-195.7320904487565
0.3157316340544697,-58.10421992593212,230.95619372851723,-194.74032277614816
0.316989529010862,-59.92342388259623,231.17676295642607,-193.7339234828048
0.3182474239672543,-61.74516280969489,231.3900289745768,-192.71348163968932
0.31950531892364664,-63.56815950538974,231.59584084294877,-191.67958026396525
0.3207632138800389,-65.39110950430928,231.79404199470858,-190.6327889256848
0.32202110883643126,-67.21269293026474,231.98447142414332,-189.57365682942296
0.3232790037928236,-69.03158673566405,232.1669652806007,-188.5027064933076
0.3245368987492159,-70.84647716484501,232.341358870363,-187.42042813622237
0.3257947937056082,-72.65607227076917,232.5074890564293,-186.32727487004536
0.3270526886620005,-74.45911430962501,232.6651970341654,-185.22365877788795
0.3283105836183928,-76.25439183603713,232.8143314490039,-184.10994794170435
0.3295684785747851,-78.04075132283225,232.95475181110845,-182.98646446373158
0.33082637353117744,-79.81710813372618,233.08633215144079,-181.8534835063205
0.3320842684875697,-81.58245668480942,233.20896485424285,-180.71123335425267
0.33334216344396206,-83.3358796412415,233.3225645928082,-179.55989648300613
0.33460005840035434,-85.07655600895535,233.42707228877455,-178.39961159604354
0.3358579533567467,-86.80376799720247,233.52245901020547,-177.2304765744679
0.33711584831313895,-88.51690654618271,233.60872972058442,-176.05255226372776
0.3383737432695313,-90.21547543447487,233.68592678962082,-174.86586700482513
0.33963163822592357,-91.89909390315354,233.75413317753117,-173.6704218020666
0.3408895331823159,-93.56749775697007,233.81347520722113,-172.46619600609623
0.3421474281387082,-95.22053892733467,233.86412484353616,-171.25315338006132
0.3434053230951005,-96.85818350665933,233.9063014053976,-170.03124840851967
0.3446632180514928,-98.48050828841454,233.94027264508284,-168.80043270327457
0.34592111300788514,-100.08769587159341,233.96635513899733,-167.5606613578613
0.3471790079642775,-101.68002841168291,233.98491394582382,-166.31189910297613
0.34843690292066976,-103.25788012230868,233.99636150071007,-165.05412611872933
0.3496947978770621,-104.82170865200274,234.00115572790045,-163.7873433661912
0.35095269283345437,-106.37204547869129,233.99979736868266,-162.5115773101519
0.3522105877898467,-107.90948548015179,233.99282653637783,-161.22688391716326
0.353468482746239,-109.43467585155516,233.9808185250877,-159.93335182757167
0.3547263777026313,-110.94830455105735,233.96437891368288,-158.63110461706688
0.3559842726590236,-112.45108846102842,233.94413802078247,-157.32030208198302
0.35724216761541594,-113.94376145580625,233.92074477993378,-156.00114050280283
0.3585000625718082,-115.42706256675181,233.8948601165638,-154.6738518616525
0.35975795752820056,-116.90172443188477,233.86714991927565,-153.33870201160204
0.36101585248459284,-118.36846221054657,233.83827770747112,-151.99598781789356
0.36227374744098517,-119.82796313351395,233.80889710487742,-150.64603331331864
0.36353164239737745,-121.28087684595529,233.77964423417993,-149.28918493145997
0.3647895373537698,-122.72780668483685,233.7511301514734,-147.925805901938
0.36604743231016207,-124.16930201415029,233.72393344055897,-146.5562699107414
0.3673053272665544,-125.60585172099039,233.6985930861782,-145.18095414581884
0.36856322222294674,-127.03787895345604,233.67560174210394,-143.80023186295486
0.369821117179339,-128.4657371579969,233.65539950462852,-142.4144646192983
0.37107901213573136,-129.88970744962634,233.63836829451165,-141.0239943314366
0.37233690709212364,-131.30999732382898,233.6248269409939,-139.62913532144077
0.373594802048516,-132.72674069447822,233.61502705022784,-138.23016651766997
0.37485269700490825,-134.1399992180996,233.60914972764374,-136.82732397724664
0.3761105919613006,-135.54976484183527,233.60730320958024,-135.42079389394732
0.37736848691769287,-136.95596349089703,233.60952144426267,-134.010706248852
0.3786263818740852,-138.3584597915602,233.6157636461819,-132.59712925155543
0.3798842768304775,-139.75706270819734,233.62591483143365,-131.1800647072088
0.3811421717868698,-141.15153195781227,233.6397873249368,-129.7594444293911
0.3824000667432621,-142.54158505327317,233.65712321398468,-128.3351278010326
0.38365796169965444,-143.92690481718213,233.67759770661544,-126.90690056569625
0.3849158566560467,-145.30714720220934,233.70082333812047,-125.47447490981688
0.38617375161243905,-146.68194925085797,233.72635495493998,-124.03749087339132
0.38743164656883133,-148.05093702804174,233.753695392494,-122.59551910258006
0.38868954152522367,-149.4137333635225,233.78230175239742,-121.14806493313698
0.38994743648161595,-150.76996524805844,233.81159217522892,-119.69457376900074
0.3912053314380083,-152.1192707369225,233.84095299773023,-118.23443769625133
0.3924632263944006,-153.46130522701506,233.86974617813428,-116.76700324937379
0.3937211213507929,-154.79574698888288,233.89731687034998,-115.29158022486018
0.39497901630718524,-156.12230185222015,233.92300102700463,-113.80745141701729
0.3962369112635775,-157.44070696252984,233.94613291286248,-112.31388313281904
0.39749480621996985,-158.75073354716378,233.9660524138466,-110.81013632709615
0.39875270117636213,-160.05218865051606,233.9821120327017,-109.29547818660022
0.40001059613275447,-161.34491582030182,233.99368347010628,-107.76919398172713
0.40126849108914675,-162.62879474913018,234.0001636996053,-106.23059899816458
0.4025263860455391,-163.90373989758174,234.00098045587154,-104.67905035753495
0.40378428100193137,-165.16969814623712,233.99559706827802,-103.113958536305
0.4050421759583237,-166.42664554421117,233.98351658530927,-101.53479839584672
0.406300070914716,-167.6745832402803,233.96428514966146,-99.94111954345388
0.4075579658711083,-168.9135326993425,233.93749459869056,-98.3325558542537
0.4088158608275006,-170.14353032135162,233.90278427984524,-96.70883399708907
0.41007375578389293,-171.36462159179158,233.85984208556397,-95.06978082333447
0.4113316507402852,-172.57685490194493,233.8084047265217,-93.41532949597094
0.41258954569667755,-173.7802751835279,233.7482572757787,-91.7455242567099
0.41384744065306983,-174.97491750558007,233.67923202905988,-90.06052375115503
0.41510533560946217,-176.1608007817853,233.6012067378019,-88.3606028555099
0.4163632305658545,-177.33792173365975,233.51410228155697,-86.64615297273645
0.4176211255222468,-178.5062492493622,233.4178798546181,-84.91768079088232
0.4188790204786391,-179.66571926938377,233.31253774821653,-83.17580552109908
0.4201369154350314,-180.81623031925355,233.19810781419946,-81.42125465716687
0.42139481039142374,-181.95763979589822,233.07465169867925,-79.65485832172898
0.422652705347816,-183.0897610986863,232.94225693472382,-77.87754228647913
0.42391060030420835,-184.21236167882782,232.80103298175536,-76.09031977382583
0.42516849526060063,-185.32516206200944,232.65110729601068,-74.29428216577887
0.42642639021699297,-186.42783587934935,232.49262151128653,-72.490588761599
0.42768428517338525,-187.5200109213214,232.32572780241335,-70.68045573888246
0.4289421801297776,-188.60127120866647,232.15058549562934,-68.86514448301918
0.43020007508616986,-189.6711600538772,231.96735798049886,-67.04594945720005
0.4314579700425622,-190.72918406702058,231.77620996745532,-65.22418578925837
0.4327158649989545,-191.7748180408524,231.57730512372743,-63.40117675261974
0.4339737599553468,-192.80751063272936,231.37080410859204,-61.5782413164774
0.4352316549117391,-193.8266907450959,231.1568630168785,-59.7566819351647
0.43648954986813143,-194.83177449260106,230.93563222771633,-57.93777273864824
0.43774744482452377,-195.82217263244723,230.70725564395326,-56.122748275371414
0.43900533978091605,-196.79729832560966,230.47187029674947,-54.3127929455607
0.4402632347373084,-197.75657509022997,230.22960627983008,-52.50903124787025
0.44152112969370066,-198.69944480490844,229.9805869689989,-50.712518945224986
0.442779024650093,-199.62537561883136,229.7249294749734,-48.92423523729152
0.4440369196064853,-200.53386962766564,229.46274527158832,-47.145076007545725
0.4452948145628776,-201.4244701788787,229.19414093706072,-45.37584819280811
0.4465527095192699,-202.2967686774698,228.9192189434213,-43.617265302823746
0.44781060447566223,-203.15041077286182,228.63807842845242,-41.86994409732757
0.4490684994320545,-203.9851018196935,228.35081588555246,-40.13440240850931
0.45032639438844685,-204.8006115191959,228.05752570983714,-38.41105807820279
0.45158428934483913,-205.59677766345348,227.75830054343095,-36.700228961851
0.45284218430123147,-206.37350892180217,227.45323136917648,-35.00213393564986
0.45410007925762375,-207.1307866265565,227.14240730975433,-33.31689482952633
0.4553579742140161,-207.86866553382652,226.82591509826986,-31.644539196978585
0.45661586917040836,-208.58727355399157,226.50383819651785,-29.985003823518554
0.4578737641268007,-209.2868104650842,226.17625554812562,-28.338138868583492
0.459131659083193,-209.96754564052006,225.84323996535144,-26.70371253146072
0.4603895540395853,-210.62981483994463,225.5048561601779,-25.081416129958427
0.46164744899597765,-211.27401612811047,225.16115844221957,-23.47086948126968
0.46290534395236993,-211.90060500135633,224.81218811755468,-21.871626477595882
0.46416323890876227,-212.51008881415186,224.45797063360587,-20.283180754480888
0.46542113386515455,-213.10302060907046,224.09851252536308,-18.70497135728807
0.4666790288215469,-213.67999246227083,223.73379822729316,-17.1363883205748
0.46793692377793916,-214.24162846296016,223.3637868229813,-15.576778086019832
0.4691948187343315,-214.7885774492961,222.98840881068955,-14.025448696738152
0.4704527136907238,-215.32150562470594,222.607562967415,-12.481674718955457
0.4717106086471161,-215.84108917768646,222.2211133965537,-10.944701855739405
0.4729685036035084,-216.3480070248467,221.8288868448189,-9.413751231488956
0.47422639855990073,-216.84293379138023,221.4306703725735,-7.888023339760178
0.475484293516293,-217.32653313546297,221.02620945820996,-6.366701660456338
0.47674218847268535,-217.79945151345942,220.61520661167725,-4.848955965066971
0.4780000834290776,-218.26231247152128,220.1973205647931,-3.3339453402032
0.47925797838546996,-218.71571153644038,219.77216609673718,-1.820820969863818
0.48051587334186224,-219.16021176477457,219.3393145422308,-0.3087287254340062
0.4817737682982546,-219.5963399945962,218.89829501761747,1.2031883808618529
0.48303166325464686,-220.02458382905877,218.44859638657493,2.7157878185937454
0.4842895582110392,-220.4453893656568,217.98966997280792,4.2299251747648245
0.48554745316743153,-220.85915966989822,217.52093301207455,5.746451738935235
0.4868053481238238,-221.26625397743803,217.0417728206066,7.266211976036236
0.48806324308021615,-221.6669875948396,216.55155164172365,8.790040828973083
0.4893211380366084,-222.06163245631853,216.0496121175297,10.31876079903687
0.49057903299300076,-222.45041828233505,215.5352833183699,11.853178759981764
0.49183692794939304,-222.83353427596472,215.00788724949913,13.394082471180859
0.4930948229057854,-223.21113128476688,214.46674574250727,14.942236766303681
0.49435271786217766,-223.5833243495406,213.9111876287121,16.498379406202616
0.49561061281857,-223.9501955570034,213.34055608322703,18.0632165978691
0.4968685077749623,-224.31179711110306,212.7542160219522,19.637418195055265
0.4981264027313546,-224.66815453739449,212.15156142949238,21.22161261015257
0.4993842976877469,-225.0192699366326,211.53202249410185,22.816381480809152
0.5006421926441392,-225.36512520738324,210.89507242628267,24.422254148175696
0.5019000876005315,-225.70568516289785,210.24023384064034,26.039702016289915
0.5031579825569238,-226.04090047458863,209.56708458601776,27.669132873567218
0.5044158775133162,-226.3707103829626,208.87526291671367,29.310885267362465
0.5056737724697085,-226.69504512662277,208.1644719076161,30.96522303084324
0.5069316674261007,-227.01382805063795,207.4344830281891,32.632330067667496
0.5081895623824931,-227.32697736698137,206.68513880421392,34.312305504030896
0.5094474573388854,-227.63440755152843,205.9163545117622,36.005159319359485
0.5107053522952777,-227.93603037401223,205.12811886476078,37.71080856614856
0.51196324725167,-228.2317555690625,204.32049367539022,39.429074286150275
0.5132211422080624,-228.52149116771585,203.49361248507955,41.15967922428391
0.5144790371644546,-228.8051435193118,202.64767818266597,42.90224643331597
0.5157369321208469,-229.08261704322547,201.78295964499688,44.65629885167634
0.5169948270772392,-229.35381375820813,200.89978745349435,46.421259923866366
0.5182527220336316,-229.61863264401,199.99854875760033,48.19645531800796
0.5195106169900239,-229.87696889528377,199.07968137222477,49.98111577844316
0.5207685119464162,-230.12871313138538,198.14366721098165,51.77438113319983
0.5220264069028084,-230.3737506275131,197.19102516982278,53.57530545694154
0.5232843018592008,-230.61196063261303,196.22230358637734,55.382863370106776
0.5245421968155931,-230.8432158376355,195.23807240865403,57.19595743463915
0.5258000917719854,-231.06738205407794,194.23891521256624,59.013426586502625
0.5270579867283777,-231.2843181574045,193.22542121086343,60.834055525397424
0.5283158816847701,-231.49387634299336,192.19817739640453,62.656584963191044
0.5295737766411623,-231.6959027339051,191.15776096026772,64.47972261494705
0.5308316715975546,-231.8902383701833,190.1047321199696,66.30215480042305
0.532089566553947,-232.07672059881276,189.03962748516585,68.12255850988649
0.5333474615103393,-232.25518487212884,187.96295407773968,69.93961377638908
0.5346053564667316,-232.4254669506514,186.8751841103664,71.75201618747597
0.5358632514231239,-232.58740549430053,185.77675061269437,73.55848936295205
0.5371211463795162,-232.7408450140188,184.66804397750317,75.3577972219488
0.5383790413359085,-232.8856391442651,183.54940948089708,77.14875586221345
0.5396369362923008,-233.02165418594254,182.4211458111394,78.93024487739386
0.5408948312486931,-233.14877285933747,181.28350462050633,80.70121794405097
0.5421527262050855,-233.26689819784002,180.13669109392964,82.4607125191743
0.5434106211614778,-233.37595750579786,178.98086550764296,84.20785850096395
0.54466851611787,-233.47590629803594,177.81614573093162,85.94188572037856
0.5459264110742623,-233.5667321345011,176.64261060484233,87.66213014820556
0.5471843060306547,-233.648458261299,175.46030411371797,89.36803872190409
0.548442200987047,-233.72114696915423,174.2692402490574,91.05917271782282
0.5497000959434393,-233.78490258208748,173.06940845080328,92.73520961729638
0.5509579908998316,-233.83987399286454,171.86077949904112,94.39594343908901
0.5522158858562239,-233.886256667475,170.64331171949107,96.0412835353053
0.5534737808126162,-233.9242940484644,169.41695735933024,97.67125187275936
0.5547316757690085,-233.9542782962268,168.18166898592364,99.28597884640912
0.5559895707254009,-233.9765503182077,166.93740576009185,100.88569769539451
0.5572474656817932,-233.99149904815056,165.6841394376245,102.47073761501159
0.5585053606381855,-233.99955995081496,164.42185995784553,104.0415156791749
0.5597632555945777,-234.00121274173398,163.150580486078,105.59852770717794
0.5610211505509701,-233.99697832627913,161.87034178767624,107.14233822551422
0.5622790455073624,-233.9874149772589,160.5812158247219,108.67356968979689
0.5635369404637547,-233.973113785193,159.2833084822436,110.19289114321465
0.564794835420147,-233.95469342996418,157.976761348631,111.70100649620878
0.5660527303765394,-233.93279433644545,156.66175249441855,113.19864261702924
0.5673106253329316,-233.90807228964678,155.33849621444614,114.68653742443242
0.5685685202893239,-233.8811915966392,154.00724172013628,116.16542817196743
0.5698264152457162,-233.85281789274774,152.66827079085292,117.63604010812143
0.5710843102021086,-233.82361069802843,151.3218944155627,119.09907568815382
0.5723422051585009,-233.79421583667843,149.9684484778748,120.55520450188064
0.5736001001148932,-233.7652578366045,148.6082885585433,122.0050540672417
0.5748579950712854,-233.7373324287985,147.2417839492551,123.4492016224238
0.5761158900276778,-233.71099926636364,145.86931098958433,124.88816702997559
0.5773737849840701,-233.68677498097136,144.4912458550146,126.32240688511052
0.5786316799404624,-233.66512669025354,143.10795693755622,127.75230989762679
0.5798895748968548,-233.64646606318405,141.71979697145542,129.1781935930414
0.5811474698532471,-233.63114404202196,140.32709506454003,130.60030235408652
0.5824053648096393,-233.61944630900814,138.93014880071073,132.01880679910062
0.5836632597660316,-233.61158957393175,137.52921658083915,133.43380446953924
0.584921154722424,-233.60771874514387,136.12451036780644,134.84532177530866
0.5861790496788163,-233.60790503183867,134.71618899663136,136.25331712427888
0.5874369446352086,-233.61214500974893,133.3043522026397,137.6576851416548
0.5886948395916008,-233.6203606661008,131.8890355095753,139.05826186617966
0.5899527345479932,-233.63240042306413,130.4702061056132,140.45483079382007
0.5912106295043855,-233.64804112234472,129.04775981867746,141.84712962590083
0.5924685244607778,-233.6669909373041,127.62151928357517,143.23485756787238
0.5937264194171701,-233.68889316339224,126.19123337259802,144.61768301718845
0.5949843143735625,-233.7133308230229,124.75657793878462,145.99525147428685
0.5962422093299548,-233.73983200760154,123.31715789741342,147.3671935094328
0.597500104286347,-233.76787586749245,121.87251064694316,148.73313262024337
0.5987579992427394,-233.79689915049394,120.42211080600612,150.09269281995427
0.6000158941991317,-233.8263031810865,118.96537621863729,151.4455058048213
0.601273789155524,-233.85546116647302,117.50167515617117,152.79121756027084
0.6025316841119163,-233.8837257113423,116.03033462160278,154.12949427927074
0.6037895790683087,-233.91043642143936,114.55064964111506,155.4600274826113
0.6050474740247009,-233.9349274764257,113.06189340833731,156.7825382490229
0.6063053689810932,-233.95653505513033,111.56332813007025,158.09678048292102
0.6075632639374855,-233.9746045010709,110.05421640802874,159.40254316867436
0.6088211588938779,-233.98849712293176,108.53383297987145,160.6996515822062
0.6100790538502702,-233.99759653337895,107.00147663463328,161.98796745300578
0.6113369488066625,-234.00131443996676,105.45648211280262,163.2673880918275
0.6125948437630547,-233.9990958137321,103.89823179979305,164.5378445210267
0.6138527387194471,-233.99042337411538,102.3261670234618,165.79929866519478
0.6151106336758394,-233.97482134281654,100.7397987716128,167.05173967914112
0.6163685286322317,-233.95185843380156,99.13871765396485,168.2951795078895
0.617626423588624,-233.92115006160373,97.52260294473277,169.52964778892368
0.6188843185450164,-233.88235976501483,95.891230556512,170.75518622012032
0.6201422135014086,-233.8351998579214,94.24447981332563,171.971842527373
0.6214001084578009,-233.77943133311462,92.58233891014672,173.17966417369504
0.6226580034141933,-233.71486305810586,90.9049089675994,174.3786919564069
0.6239158983705856,-233.64135031405146,89.21240661344605,175.56895364081956
0.6251737933269779,-233.55879273959644,87.50516504648523,176.75045777759715
0.6264316882833701,-233.46713175058147,85.78363356314894,177.9231878467546
0.6276895832397625,-233.36634751395502,84.04837555195019,179.0870968641354
0.6289474781961548,-233.25645555976394,82.30006498553851,180.2421025763837
0.6302053731525471,-233.1375031186725,80.53948146401643,181.38808335807826
0.6314632681089394,-233.00956527404014,78.76750388593165,182.52487491010072
0.6327211630653318,-232.87274101717136,76.98510284456982,183.65226784179697
0.633979058021724,-232.7271492919803,75.19333186646703,184.77000620135053
0.6352369529781163,-232.57292511107767,73.39331762609746,185.87778699946045
0.6364948479345086,-232.41021581930963,71.58624928519603,186.9752607512391
0.637752742890901,-232.23917757322846,69.77336711688808,188.0620330406636
0.6390106378472933,-232.05997209604772,67.95595058356993,189.13766709133387
0.6402685328036856,-231.87276375755548,66.13530604316124,190.20168730711
0.6415264277600778,-231.67771701748438,64.31275426090448,191.25358372683726
0.6427843227164702,-231.4749942592331,62.4896179032902,192.2928173191984
0.6440422176728625,-231.26475402888065,60.66720918702293,193.3188260270994
0.6453001126292548,-231.04714968242243,58.8468178493202,194.33103145623528
0.6465580075856472,-230.82232843237665,57.02969959644565,195.3288460898694
0.6478159025420395,-230.5904307736266,55.217065175426285,196.31168090162106
0.6490737974984317,-230.35159025786857,53.41007019969278,197.27895323039797
0.650331692454824,-230.10593357654957,51.60980584321492,198.23009477663953
0.6515895874112164,-229.8535809039476,49.81729049992688,199.16455957684875
0.6528474823676087,-229.59464644524766,48.033462486246734,200.08183181400386
0.654105377324001,-229.32923912926813,46.25917384466134,200.98143332481092
0.6553632722803933,-229.05746338201195,44.49518528610488,201.86293067079941
0.6566211672367857,-228.77941991553467,42.742162288589746,202.7259416488411
0.6578790621931779,-228.4952064667791,41.000672349671994,203.57014112756957
0.6591369571495702,-228.20491842301894,39.27118337122517,204.39526610918912
0.6603948521059625,-227.90864927433094,37.5540631370316,205.20111993097422
0.6616527470623549,-227.60649083898917,35.84957982719312,205.98757553708907
0.6629106420187472,-227.29853321471748,34.15790349863959,206.75457776885173
0.6641685369751394,-226.9848644171732,32.4791084482951,207.50214463986256
0.6654264319315317,-226.66556967667697,30.8131763649903,208.23036758115163
0.6666843268879241,-226.34073037480294,29.160000168111008,208.93941066030055
0.6679422218443164,-226.01042261376531,27.51938842537123,209.6295087969611
0.6692001168007087,-225.6747154232873,25.891070239031176,210.3009650150072
0.6704580117571011,-225.3336686215535,24.274700489345605,210.95414678832836
0.6717159067134933,-224.98733035860977,22.669865325951147,211.58948155271145
0.6729738016698856,-224.63573438192063,21.076087802178506,212.20745147006383
0.6742316966262779,-224.27889707441477,19.492833553738553,212.80858754315472
0.6754895915826703,-223.91681432499192,17.919516431655197,213.39346318887658
0.6767474865390626,-223.54945829987125,16.35550400947458,213.96268738560158
0.6780053814954549,-223.17677419009974,14.800122896353827,214.5168975154057
0.6792632764518471,-222.79867701583515,13.252663800336645,215.05675202468058
0.6805211714082395,-222.41504857148772,11.712386299595654,215.58292302696316
0.6817790663646318,-222.02573459735004,10.17852329333161,216.0960889696827
0.6830369613210241,-221.63054226287514,8.65028511800221,216.5969274820781
0.6842948562774164,-221.22923804425355,7.126863328264898,217.08610851487995
0.6855527512338088,-220.8215460744013,5.60743415510346,217.5642878736711
0.686810646190201,-220.40714703696239,4.091161665762267,218.0321012373567
0.6880685411465933,-219.98567766755684,2.577200661016336,218.49015874112447
0.6893264361029856,-219.5567309154161,1.0646993547135415,218.93904018995792
0.690584331059378,-219.1198568069302,-0.44719811180964547,219.37929095446978
0.6918422260157703,-218.67456403970823,-1.9593492620892325,219.81141858586722
0.6931001209721626,-218.22032232178864,-3.472610921635195,220.23589017158594
0.694358015928555,-217.7565654559074,-4.987836836195179,220.6531304378482
0.6956159108849472,-217.28269515354748,-6.505875208253468,221.06352059044943
0.6968738058413395,-216.79808554817444,-8.027566091655128,221.46739787076336
0.6981317007977318,-216.30208836193952,-9.553738589161988,221.86505579057786
0.6993895957541242,-215.7940386655251,-11.085207804656678,222.25674499718878
0.7006474907105165,-215.2732611570538,-12.622771510424634,222.64267470944645
0.7019053856669087,-214.73907687337876,-14.167206500274682,223.02301465635097
0.703163280623301,-214.19081023591787,-15.719264610929935,223.39789744251019
0.7044211755796934,-213.62779632374983,-17.27966840686848,223.76742125942087
0.7056790705360857,-213.0493882591813,-18.849106537288055,224.1316528581901
0.706936965492478,-212.4549645856262,-20.428228787784004,224.4906306980144
0.7081948604488703,-211.8439365145487,-22.017640863308213,224.84436818546183
0.7094527554052626,-211.2157549175288,-23.617898952677955,225.19285692229838
0.7107106503616549,-210.56991694125588,-25.22950413795566,225.5360698841682
0.7119685453180472,-209.9059721274641,-26.8528967241025,225.87396445872548
0.7132264402744396,-209.2235279264322,-28.488450575073283,226.20648527964752
0.7144843352308319,-208.52225450159503,-30.13646755168899,226.53356680212758
0.7157422301872242,-207.8018887339046,-31.797172153916723,226.85513557569794
0.7170001251436164,-207.06223734764225,-33.470706475373234,227.1711121813161
0.7182580201000088,-206.3031790941882,-35.157125580775165,227.48141281127653
0.7195159150564011,-205.52466594652222,-36.856393417537646,227.7859504823967
0.7207738100127934,-204.72672327465366,-38.56837937069385,228.0846358847804
0.7220317049691857,-203.90944899042375,-40.292855565734335,228.3773778799916
0.7232895999255781,-203.0730116688369,-42.02949501688555,228.66408367339497
0.7245474948819703,-202.21764767187602,-43.77787070881907,228.9446586954886
0.7258053898383626,-201.34365731928358,-45.537455687969434,229.2190062360025
0.7270632847947549,-200.4514001686582,-47.30762422569654,229.48702688217398
0.7283211797511473,-199.54128948405327,-49.08765409972296,229.74861781874458
0.7295790747075396,-198.6137859877492,-50.8767300228657,230.00367205170235
0.7308369696639319,-197.66939100363962,-52.6739482294007,230.25207762052983
0.7320948646203241,-196.70863911247596,-54.47832220978357,230.49371686462035
0.7333527595767165,-195.73209044875637,-56.28878956430322,230.72846580859735
0.7346106545331088,-194.74032277614816,-58.104219925932185,230.95619372851723
0.7358685494895011,-193.7339234828048,-59.92342388259623,231.1767629564261
0.7371264444458935,-192.71348163968926,-61.74516280969504,231.39002897457684
0.7383843394022858,-191.67958026396525,-63.56815950538985,231.59584084294875
0.739642234358678,-190.63278892568474,-65.39110950430936,231.79404199470858
0.7409001293150703,-189.57365682942296,-67.21269293026474,231.98447142414332
0.7421580242714627,-188.5027064933076,-69.0315867356641,232.1669652806006
0.743415919227855,-187.42042813622226,-70.84647716484507,232.341358870363
0.7446738141842473,-186.32727487004536,-72.65607227076917,232.50748905642928
0.7459317091406396,-185.22365877788795,-74.45911430962501,232.6651970341654
0.747189604097032,-184.1099479417042,-76.2543918360372,232.8143314490039
0.7484474990534242,-182.98646446373158,-78.0407513228323,232.95475181110842
0.7497053940098165,-181.8534835063205,-79.81710813372618,233.08633215144076
0.7509632889662088,-180.71123335425267,-81.58245668480942,233.2089648542428
0.7522211839226012,-179.55989648300613,-83.3358796412416,233.32256459280813
0.7534790788789935,-178.39961159604343,-85.0765560089554,233.42707228877458
0.7547369738353857,-177.2304765744679,-86.80376799720247,233.52245901020547
0.755994868791778,-176.05255226372776,-88.51690654618271,233.6087297205844
0.7572527637481704,-174.86586700482513,-90.21547543447493,233.6859267896208
0.7585106587045627,-173.6704218020666,-91.89909390315368,233.75413317753117
0.759768553660955,-172.46619600609623,-93.56749775697007,233.81347520722116
0.7610264486173474,-171.2531533800612,-95.2205389273348,233.8641248435362
0.7622843435737396,-170.03124840851967,-96.85818350665937,233.90630140539756
0.7635422385301319,-168.80043270327437,-98.48050828841458,233.94027264508287
0.7648001334865242,-167.5606613578613,-100.08769587159341,233.96635513899727
0.7660580284429166,-166.31189910297613,-101.68002841168303,233.98491394582382
0.7673159233993089,-165.0541261187291,-103.25788012230873,233.99636150071007
0.7685738183557012,-163.7873433661912,-104.82170865200274,234.00115572790043
0.7698317133120934,-162.5115773101519,-106.37204547869129,233.9997973686827
0.7710896082684858,-161.22688391716326,-107.90948548015183,233.99282653637783
0.7723475032248781,-159.93335182757167,-109.4346758515553,233.98081852508773
0.7736053981812704,-158.63110461706688,-110.94830455105735,233.96437891368285
0.7748632931376627,-157.32030208198302,-112.45108846102842,233.9441380207825
0.7761211880940551,-156.00114050280283,-113.94376145580632,233.92074477993384
0.7773790830504473,-154.67385186165237,-115.42706256675181,233.89486011656376
0.7786369780068396,-153.33870201160204,-116.90172443188477,233.86714991927565
0.7798948729632319,-151.99598781789356,-118.36846221054657,233.83827770747112
0.7811527679196243,-150.64603331331844,-119.82796313351405,233.80889710487745
0.7824106628760166,-149.28918493145997,-121.28087684595539,233.77964423417993
0.7836685578324089,-147.925805901938,-122.72780668483685,233.7511301514734
0.7849264527888012,-146.5562699107414,-124.16930201415039,233.72393344055897
0.7861843477451935,-145.18095414581884,-125.60585172099047,233.69859308617822
0.7874422427015858,-143.80023186295486,-127.03787895345604,233.67560174210394
0.7887001376579781,-142.4144646192983,-128.4657371579969,233.65539950462852
0.7899580326143705,-141.0239943314366,-129.88970744962648,233.63836829451165
0.7912159275707628,-139.6291353214406,-131.30999732382898,233.6248269409939
0.792473822527155,-138.23016651766997,-132.72674069447822,233.61502705022784
0.7937317174835473,-136.82732397724664,-134.1399992180996,233.60914972764374
0.7949896124399397,-135.4207938939471,-135.54976484183535,233.60730320958024
0.796247507396332,-134.010706248852,-136.95596349089715,233.60952144426267
0.7975054023527243,-132.59712925155543,-138.3584597915602,233.6157636461819
0.7987632973091165,-131.1800647072088,-139.75706270819734,233.62591483143365
0.8000211922655089,-129.7594444293911,-141.1515319578124,233.6397873249368
0.8012790872219012,-128.33512780103237,-142.54158505327325,233.65712321398468
0.8025369821782935,-126.90690056569625,-143.92690481718213,233.67759770661542
0.8037948771346858,-125.47447490981688,-145.30714720220934,233.70082333812047
0.8050527720910782,-124.03749087339109,-146.68194925085797,233.72635495493995
0.8063106670474705,-122.59551910258006,-148.05093702804186,233.75369539249405
0.8075685620038627,-121.14806493313698,-149.4137333635225,233.78230175239744
0.8088264569602551,-119.69457376900074,-150.76996524805853,233.81159217522892
0.8100843519166474,-118.23443769625133,-152.11927073692257,233.84095299773023
0.8113422468730397,-116.76700324937379,-153.46130522701506,233.86974617813425
0.812600141829432,-115.29158022486018,-154.79574698888288,233.89731687034998
0.8138580367858244,-113.80745141701729,-156.1223018522202,233.92300102700463
0.8151159317422166,-112.31388313281884,-157.44070696252996,233.94613291286248
0.8163738266986089,-110.81013632709615,-158.75073354716378,233.96605241384663
0.8176317216550012,-109.29547818660022,-160.05218865051606,233.98211203270165
0.8188896166113936,-107.76919398172693,-161.34491582030182,233.99368347010633
0.8201475115677859,-106.23059899816458,-162.6287947491303,234.00016369960528
0.8214054065241781,-104.67905035753495,-163.90373989758174,234.00098045587148
0.8226633014805704,-103.113958536305,-165.16969814623712,233.99559706827802
0.8239211964369628,-101.53479839584672,-166.42664554421117,233.98351658530925
0.8251790913933551,-99.94111954345388,-167.67458324028033,233.96428514966146
0.8264369863497474,-98.3325558542537,-168.9135326993425,233.93749459869056
0.8276948813061397,-96.70883399708907,-170.14353032135162,233.90278427984524
0.828952776262532,-95.06978082333426,-171.36462159179166,233.85984208556394
0.8302106712189243,-93.41532949597094,-172.57685490194493,233.80840472652173
0.8314685661753166,-91.7455242567099,-173.7802751835279,233.74825727577877
0.832726461131709,-90.06052375115479,-174.97491750558018,233.67923202905985
0.8339843560881013,-88.3606028555099,-176.16080078178538,233.6012067378019
0.8352422510444936,-86.64615297273645,-177.33792173365975,233.51410228155694
0.8365001460008858,-84.91768079088232,-178.5062492493622,233.4178798546181
0.8377580409572782,-83.17580552109908,-179.66571926938377,233.31253774821656
0.8390159359136705,-81.42125465716664,-180.81623031925366,233.1981078141995
0.8402738308700628,-79.65485832172898,-181.95763979589822,233.07465169867928
0.8415317258264551,-77.87754228647913,-183.0897610986863,232.94225693472382
0.8427896207828475,-76.0903197738256,-184.21236167882788,232.80103298175538
0.8440475157392398,-74.29428216577887,-185.32516206200944,232.65110729601068
0.845305410695632,-72.490588761599,-186.42783587934935,232.49262151128653
0.8465633056520243,-70.68045573888246,-187.5200109213214,232.32572780241335
0.8478212006084167,-68.86514448301918,-188.60127120866656,232.15058549562934
0.849079095564809,-67.04594945720005,-189.67116005387726,231.96735798049886
0.8503369905212013,-65.22418578925837,-190.72918406702058,231.77620996745532
0.8515948854775937,-63.40117675261947,-191.7748180408525,231.5773051237274
0.8528527804339859,-61.5782413164774,-192.80751063272942,231.37080410859207
0.8541106753903782,-59.7566819351647,-193.82669074509596,231.15686301687853
0.8553685703467705,-57.93777273864824,-194.83177449260106,230.93563222771627
0.8566264653031629,-56.12274827537113,-195.82217263244726,230.70725564395323
0.8578843602595552,-54.3127929455607,-196.79729832560966,230.4718702967495
0.8591422552159474,-52.50903124787025,-197.75657509022997,230.22960627983014
0.8604001501723397,-50.712518945224986,-198.69944480490844,229.98058696899898
0.8616580451287321,-48.92423523729152,-199.62537561883144,229.72492947497344
0.8629159400851244,-47.145076007545725,-200.5338696276657,229.46274527158832
0.8641738350415167,-45.37584819280811,-201.4244701788787,229.19414093706075
0.865431729997909,-43.617265302823746,-202.2967686774698,228.9192189434213
0.8666896249543014,-41.8699440973273,-203.15041077286187,228.63807842845242
0.8679475199106936,-40.13440240850931,-203.9851018196935,228.3508158855525
0.8692054148670859,-38.41105807820279,-204.8006115191959,228.0575257098371
0.8704633098234782,-36.700228961851,-205.59677766345348,227.75830054343095
0.8717212047798706,-35.00213393564986,-206.37350892180217,227.45323136917654
0.8729790997362629,-33.316894829526106,-207.1307866265565,227.14240730975433
0.8742369946926551,-31.644539196978585,-207.86866553382652,226.82591509826992
0.8754948896490475,-29.98500382351833,-208.58727355399165,226.50383819651785
0.8767527846054398,-28.338138868583492,-209.28681046508422,226.17625554812557
0.8780106795618321,-26.70371253146072,-209.96754564052006,225.84323996535147
0.8792685745182244,-25.081416129958427,-210.62981483994463,225.5048561601779
0.8805264694746168,-23.47086948126968,-211.27401612811053,225.16115844221954
0.881784364431009,-21.871626477595882,-211.9006050013564,224.81218811755474
0.8830422593874013,-20.283180754480888,-212.51008881415186,224.45797063360587
0.8843001543437936,-18.70497135728807,-213.10302060907046,224.09851252536313
0.885558049300186,-17.1363883205748,-213.67999246227083,223.73379822729322
0.8868159442565783,-15.576778086019635,-214.24162846296016,223.36378682298133
0.8880738392129706,-14.025448696738152,-214.7885774492961,222.98840881068966
0.8893317341693628,-12.481674718955457,-215.32150562470594,222.60756296741502
0.8905896291257552,-10.944701855739405,-215.8410891776865,222.2211133965537
0.8918475240821475,-9.413751231488956,-216.3480070248467,221.82888684481892
0.8931054190385398,-7.888023339760178,-216.84293379138023,221.4306703725735
0.8943633139949321,-6.366701660456338,-217.32653313546297,221.02620945821002
0.8956212089513245,-4.848955965066971,-217.79945151345947,220.61520661167728
0.8968791039077167,-3.333945340202992,-218.2623124715213,220.1973205647931
0.898136998864109,-1.820820969863818,-218.71571153644038,219.77216609673724
0.8993948938205014,-0.3087287254340062,-219.1602117647746,219.3393145422308
0.9006527887768937,1.2031883808620807,-219.5963399945962,218.89829501761747
0.901910683733286,2.7157878185937454,-220.02458382905877,218.44859638657496
0.9031685786896783,4.2299251747648245,-220.4453893656568,217.98966997280797
0.9044264736460706,5.746451738935235,-220.85915966989825,217.52093301207458
0.9056843686024629,7.266211976036236,-221.26625397743803,217.0417728206067
0.9069422635588552,8.790040828973083,-221.6669875948396,216.55155164172368
0.9082001585152475,10.31876079903687,-222.06163245631853,216.04961211752976
0.9094580534716399,11.853178759981764,-222.45041828233508,215.53528331836995
0.9107159484280322,13.394082471181093,-222.83353427596475,215.00788724949913
0.9119738433844244,14.942236766303681,-223.21113128476688,214.4667457425073
0.9132317383408167,16.498379406202616,-223.5833243495406,213.91118762871218
0.9144896332972091,18.06321659786934,-223.9501955570034,213.34055608322706
0.9157475282536014,19.637418195055265,-224.3117971111031,212.75421602195232
0.9170054232099937,21.22161261015257,-224.66815453739449,212.15156142949243
0.918263318166386,22.816381480809152,-225.0192699366326,211.53202249410194
0.9195212131227783,24.422254148175696,-225.36512520738324,210.89507242628278
0.9207791080791706,26.03970201629016,-225.70568516289785,210.24023384064034
0.9220370030355629,27.669132873567218,-226.0409004745886,209.56708458601778
0.9232948979919553,29.310885267362465,-226.37071038296264,208.87526291671372
0.9245527929483476,30.965223030843493,-226.69504512662277,208.16447190761608
0.9258106879047399,32.632330067667496,-227.01382805063795,207.4344830281891
0.9270685828611321,34.312305504030896,-227.32697736698134,206.68513880421395
0.9283264778175245,36.00515931935969,-227.63440755152843,205.91635451176214
0.9295843727739168,37.71080856614856,-227.9360303740123,205.12811886476086
0.9308422677303091,39.429074286150275,-228.2317555690625,204.32049367539028
0.9321001626867014,41.15967922428391,-228.52149116771585,203.49361248507967
0.9333580576430938,42.90224643331597,-228.80514351931183,202.64767818266603
0.934615952599486,44.65629885167634,-229.08261704322547,201.78295964499688
0.9358738475558783,46.421259923866366,-229.35381375820813,200.8997874534944
0.9371317425122706,48.19645531800771,-229.61863264400998,199.9985487576004
0.938389637468663,49.98111577844339,-229.87696889528377,199.07968137222477
0.9396475324250553,51.77438113319983,-230.12871313138544,198.14366721098176
0.9409054273814476,53.57530545694179,-230.3737506275131,197.1910251698229
0.9421633223378398,55.382863370106776,-230.61196063261303,196.2223035863775
0.9434212172942322,57.19595743463915,-230.8432158376355,195.23807240865418
0.9446791122506245,59.013426586502625,-231.06738205407794,194.2389152125663
0.9459370072070168,60.834055525397424,-231.2843181574045,193.2254212108635
0.9471949021634092,62.656584963191044,-231.49387634299336,192.1981773964047
0.9484527971198015,64.47972261494729,-231.6959027339051,191.15776096026772
0.9497106920761937,66.30215480042305,-231.8902383701833,190.10473211996964
0.950968587032586,68.12255850988649,-232.07672059881276,189.0396274851659
0.9522264819889784,69.93961377638935,-232.25518487212884,187.96295407773962
0.9534843769453707,71.75201618747597,-232.42546695065144,186.87518411036638
0.954742271901763,73.55848936295232,-232.58740549430053,185.77675061269431
0.9560001668581553,75.3577972219488,-232.7408450140188,184.66804397750346
0.9572580618145476,77.14875586221345,-232.88563914426513,183.5494094808971
0.9585159567709399,78.93024487739386,-233.02165418594254,182.42114581113947
0.9597738517273322,80.70121794405097,-233.1487728593375,181.28350462050648
0.9610317466837245,82.46071251917408,-233.26689819784002,180.13669109392976
0.9622896416401169,84.20785850096395,-233.37595750579786,178.98086550764296
0.9635475365965092,85.94188572037856,-233.47590629803597,177.81614573093165
0.9648054315529014,87.66213014820582,-233.5667321345011,176.64261060484233
0.9660633265092937,89.36803872190409,-233.648458261299,175.4603041137183
0.9673212214656861,91.05917271782282,-233.72114696915423,174.26924024905756
0.9685791164220784,92.73520961729662,-233.78490258208748,173.06940845080334
0.9698370113784707,94.39594343908901,-233.83987399286454,171.86077949904123
0.9710949063348631,96.0412835353053,-233.88625666747504,170.6433117194912
0.9723528012912553,97.67125187275936,-233.9242940484644,169.4169573593303
0.9736106962476476,99.28597884640912,-233.9542782962268,168.18166898592372
0.9748685912040399,100.8856976953943,-233.97655031820773,166.93740576009193
0.9761264861604323,102.47073761501183,-233.99149904815056,165.68413943762448
0.9773843811168246,104.0415156791749,-233.99955995081493,164.4218599578456
0.9786422760732169,105.59852770717814,-234.00121274173398,163.15058048607798
0.9799001710296091,107.14233822551422,-233.99697832627913,161.87034178767635
0.9811580659860015,108.67356968979689,-233.98741497725888,160.5812158247219
0.9824159609423938,110.19289114321484,-233.973113785193,159.28330848224348
0.9836738558987861,111.70100649620878,-233.95469342996418,157.97676134863113
0.9849317508551784,113.19864261702904,-233.93279433644545,156.66175249441866
0.9861896458115708,114.68653742443242,-233.90807228964678,155.3384962144462
0.987447540767963,116.16542817196743,-233.88119159663918,154.0072417201364
0.9887054357243553,117.63604010812143,-233.85281789274774,152.66827079085294
0.9899633306807477,119.09907568815382,-233.82361069802843,151.32189441556275
0.99122122563714,120.55520450188064,-233.79421583667843,149.96844847787486
0.9924791205935323,122.0050540672419,-233.7652578366045,148.60828855854328
0.9937370155499246,123.4492016224238,-233.73733242879848,147.24178394925528
0.9949949105063169,124.88816702997559,-233.71099926636364,145.86931098958456
0.9962528054627092,126.3224068851107,-233.68677498097136,144.49124585501468
0.9975107004191015,127.75230989762679,-233.66512669025357,143.10795693755637
0.9987685953754938,129.17819359304121,-233.64646606318402,141.71979697145557
1.000026490331886,130.60030235408652,-233.63114404202196,140.32709506454026
1.0012843852882785,132.01880679910062,-233.6194463090081,138.9301488007108
1.0025422802446708,133.43380446953964,-233.61158957393172,137.52921658083912
1.003800175201063,134.84532177530866,-233.60771874514387,136.12451036780666
1.0050580701574554,136.25331712427888,-233.60790503183867,134.71618899663144
1.0063159651138476,137.6576851416548,-233.61214500974893,133.30435220263982
1.00757386007024,139.05826186617966,-233.6203606661008,131.88903550957528
1.0088317550266324,140.45483079382007,-233.63240042306413,130.47020610561322
1.0100896499830245,141.84712962590083,-233.64804112234472,129.04775981867778
1.011347544939417,143.23485756787238,-233.6669909373041,127.62151928357531
1.0126054398958093,144.6176830171887,-233.6888931633923,126.19123337259808
1.0138633348522015,145.99525147428685,-233.7133308230229,124.75657793878487
1.0151212298085939,147.3671935094328,-233.73983200760154,123.31715789741352
1.0163791247649863,148.73313262024357,-233.76787586749248,121.87251064694318
1.0176370197213784,150.09269281995427,-233.79689915049394,120.42211080600633
1.0188949146777708,151.4455058048213,-233.8263031810865,118.96537621863735
1.020152809634163,152.79121756027084,-233.85546116647302,117.5016751561715
1.0214107045905554,154.12949427927074,-233.8837257113423,116.030334621603
1.0226685995469478,155.4600274826113,-233.91043642143936,114.55064964111526
1.02392649450334,156.7825382490229,-233.9349274764257,113.06189340833764
1.0251843894597323,158.09678048292102,-233.95653505513033,111.56332813007045
1.0264422844161247,159.40254316867453,-233.97460450107096,110.0542164080288
1.027700179372517,160.6996515822062,-233.98849712293176,108.53383297987173
1.0289580743289093,161.98796745300578,-233.997596533379,107.00147663463339
1.0302159692853015,163.2673880918275,-234.00131443996676,105.45648211280285
1.0314738642416938,164.5378445210267,-233.9990958137321,103.89823179979312
1.0327317591980862,165.79929866519478,-233.99042337411538,102.3261670234619
1.0339896541544784,167.05173967914112,-233.97482134281654,100.73979877161298
1.0352475491108708,168.2951795078895,-233.95185843380153,99.13871765396483
1.0365054440672632,169.52964778892388,-233.92115006160373,97.52260294473267
1.0377633390236554,170.75518622012032,-233.88235976501483,95.89123055651237
1.0390212339800478,171.971842527373,-233.8351998579214,94.2444798133258
1.0402791289364401,173.17966417369524,-233.77943133311462,92.58233891014679
1.0415370238928323,174.3786919564069,-233.71486305810586,90.90490896759967
1.0427949188492247,175.56895364081956,-233.64135031405146,89.21240661344619
1.0440528138056169,176.75045777759715,-233.55879273959644,87.50516504648544
1.0453107087620093,177.9231878467546,-233.46713175058147,85.78363356314902
1.0465686037184017,179.0870968641354,-233.366347513955,84.04837555195023
1.0478264986747938,180.2421025763837,-233.25645555976394,82.30006498553894
1.0490843936311862,181.38808335807826,-233.1375031186725,80.5394814640167
1.0503422885875786,182.52487491010092,-233.00956527404014,78.76750388593177
1.0516001835439708,183.65226784179697,-232.87274101717136,76.98510284457028
1.0528580785003632,184.77000620135053,-232.72714929198028,75.19333186646723
1.0541159734567553,185.87778699946045,-232.57292511107767,73.39331762609781
1.0553738684131477,186.9752607512391,-232.4102158193096,71.58624928519612
1.0566317633695401,188.0620330406636,-232.23917757322843,69.77336711688825
1.0578896583259323,189.13766709133387,-232.05997209604772,67.95595058357021
1.0591475532823247,190.20168730711,-231.87276375755545,66.1353060431613
1.060405448238717,191.25358372683743,-231.6777170174843,64.31275426090441
1.0616633431951092,192.2928173191984,-231.4749942592331,62.489617903290416
1.0629212381515016,193.3188260270994,-231.26475402888062,60.66720918702292
1.064179133107894,194.33103145623542,-231.04714968242243,58.84681784932009
1.0654370280642862,195.3288460898694,-230.82232843237665,57.029699596446065
1.0666949230206786,196.31168090162106,-230.59043077362654,55.21706517542647
1.0679528179770708,197.27895323039797,-230.35159025786857,53.4100701996931
1.0692107129334631,198.23009477663953,-230.1059335765496,51.60980584321505
1.0704686078898555,199.16455957684875,-229.8535809039476,49.81729049992699
1.0717265028462477,200.08183181400386,-229.59464644524766,48.03346248624699
1.07298439780264,200.98143332481092,-229.32923912926813,46.2591738446614
1.0742422927590325,201.86293067079967,-229.05746338201186,44.49518528610482
1.0755001877154247,202.7259416488411,-228.77941991553467,42.74216228859015
1.076758082671817,203.57014112756957,-228.49520646677902,41.00067234967226
1.0780159776282092,204.39526610918912,-228.20491842301894,39.27118337122554
1.0792738725846016,205.20111993097422,-227.9086492743309,37.554063137031754
1.080531767540994,205.98757553708907,-227.60649083898912,35.84957982719331
1.0817896624973862,206.75457776885173,-227.29853321471748,34.15790349863988
1.0830475574537786,207.50214463986256,-226.98486441717316,32.479108448295214
1.084305452410171,208.23036758115185,-226.66556967667685,30.813176364990326
1.0855633473665631,208.93941066030055,-226.34073037480294,29.16000016811124
1.0868212423229555,209.6295087969611,-226.01042261376526,27.519388425371307
1.088079137279348,210.30096501500725,-225.6747154232872,25.89107023903113
1.08933703223574,210.95414678832836,-225.3336686215535,24.274700489345765
1.0905949271921325,211.58948155271145,-224.9873303586097,22.669865325951175
1.0918528221485246,212.20745147006383,-224.63573438192063,21.076087802178858
1.093110717104917,212.80858754315472,-224.2788970744147,19.492833553738745
1.0943686120613094,213.39346318887658,-223.91681432499186,17.91951643165538
1.0956265070177016,213.96268738560158,-223.54945829987125,16.355504009474874
1.096884401974094,214.5168975154057,-223.17677419009974,14.800122896353933
1.0981422969304864,215.0567520246807,-222.79867701583504,13.252663800336663
1.0994001918868785,215.58292302696316,-222.41504857148772,11.712386299595897
1.100658086843271,216.0960889696827,-222.02573459735,10.178523293331644
1.101915981799663,216.5969274820781,-221.63054226287514,8.650285118002593
1.1031738767560555,217.08610851487995,-221.22923804425352,7.126863328265111
1.1044317717124479,217.5642878736711,-220.82154607440128,5.607434155103662
1.10568966666884,218.0321012373567,-220.40714703696239,4.091161665762587
1.1069475616252324,218.49015874112447,-219.98567766755673,2.577200661016512
1.1082054565816248,218.93904018995798,-219.556730915416,1.0646993547136054
1.109463351538017,219.37929095446978,-219.1198568069302,-0.4471981118093967
1.1107212464944094,219.81141858586722,-218.67456403970817,-1.9593492620890918
1.1119791414508018,220.23589017158605,-218.22032232178853,-3.472610921635224
1.113237036407194,220.6531304378482,-217.7565654559074,-4.98783683619498
1.1144949313635863,221.06352059044943,-217.28269515354742,-6.5058752082534
1.1157528263199785,221.46739787076336,-216.79808554817444,-8.027566091654936
1.117010721276371,221.86505579057786,-216.3020883619395,-9.553738589161977
1.1182686162327633,222.25674499718878,-215.79403866552508,-11.08520780465668
1.1195265111891555,222.64267470944645,-215.2732611570538,-12.622771510424272
1.1207844061455479,223.02301465635097,-214.73907687337865,-14.167206500274533
1.1220423011019403,223.3978974425102,-214.19081023591772,-15.71926461092984
1.1233001960583324,223.76742125942087,-213.62779632374983,-17.279668406868193
1.1245580910147248,224.1316528581901,-213.04938825918128,-18.84910653728794
1.125815985971117,224.4906306980144,-212.4549645856262,-20.42822878778378
1.1270738809275094,224.84436818546183,-211.8439365145486,-22.017640863308156
1.1283317758839018,225.19285692229838,-211.21575491752876,-23.61789895267789
1.129589670840294,225.5360698841682,-210.56991694125588,-25.229504137955296
1.1308475657966863,225.87396445872548,-209.90597212746408,-26.85289672410225
1.1321054607530787,226.20648527964752,-209.22352792643215,-28.488450575073074
1.1333633557094709,226.53356680212758,-208.52225450159503,-30.136467551688646
1.1346212506658633,226.85513557569794,-207.80188873390455,-31.797172153916534
1.1358791456222557,227.17111218131615,-207.06223734764214,-33.47070647537318
1.1371370405786478,227.48141281127653,-206.3031790941882,-35.15712558077487
1.1383949355350402,227.7859504823967,-205.52466594652216,-36.856393417537525
1.1396528304914324,228.0846358847804,-204.72672327465366,-38.56837937069383
1.1409107254478248,228.3773778799916,-203.9094489904237,-40.29285556573451
1.1421686204042172,228.66408367339497,-203.07301166883687,-42.02949501688573
1.1434265153606094,228.9446586954886,-202.21764767187602,-43.7778707088189
1.1446844103170017,229.2190062360025,-201.34365731928355,-45.5374556879694
1.1459423052733941,229.48702688217406,-200.45140016865807,-47.30762422569669
1.1472002002297863,229.74861781874458,-199.54128948405327,-49.08765409972257
1.1484580951861787,230.00367205170235,-198.61378598774908,-50.8767300228655
1.1497159901425709,230.25207762052983,-197.66939100363962,-52.673948229400644
1.1509738850989633,230.49371686462035,-196.70863911247588,-54.478322209783684
1.1522317800553556,230.72846580859735,-195.73209044875628,-56.28878956430334
1.1534896750117478,230.95619372851723,-194.74032277614816,-58.10421992593189
1.1547475699681402,231.1767629564261,-193.73392348280473,-59.923423882596204
1.1560054649245326,231.39002897457684,-192.71348163968923,-61.745162809694925
1.1572633598809248,231.59584084294875,-191.67958026396525,-63.568159505389396
1.1585212548373172,231.79404199470858,-190.63278892568465,-65.39110950430909
1.1597791497937096,231.98447142414332,-189.5736568294228,-67.21269293026461
1.1610370447501017,232.1669652806006,-188.5027064933076,-69.03158673566396
1.1622949397064941,232.341358870363,-187.4204281362221,-70.84647716484515
1.1635528346628863,232.50748905642928,-186.32727487004536,-72.65607227076889
1.1648107296192787,232.6651970341654,-185.2236587778879,-74.45911430962484
1.166068624575671,232.8143314490039,-184.1099479417041,-76.25439183603707
1.1673265195320632,232.95475181110842,-182.98646446373158,-78.04075132283228
1.1685844144884556,233.08633215144076,-181.85348350632043,-79.81710813372639
1.169842309444848,233.2089648542428,-180.7112333542525,-81.58245668480967
1.1711002044012402,233.32256459280813,-179.55989648300613,-83.33587964124145
1.1723580993576326,233.42707228877458,-178.39961159604337,-85.07655600895541
1.173615994314025,233.52245901020547,-177.2304765744677,-86.80376799720258
1.1748738892704171,233.6087297205844,-176.0525522637276,-88.51690654618255
1.1761317842268095,233.6859267896208,-174.86586700482496,-90.2154754344747
1.1773896791832017,233.75413317753117,-173.6704218020666,-91.89909390315363
1.178647574139594,233.81347520722116,-172.46619600609603,-93.56749775697018
1.1799054690959865,233.8641248435362,-171.25315338006104,-95.22053892733493
1.1811633640523787,233.90630140539756,-170.03124840851967,-96.85818350665915
1.182421259008771,233.94027264508287,-168.80043270327437,-98.48050828841454
1.1836791539651634,233.96635513899733,-167.5606613578611,-100.08769587159347
1.1849370489215556,233.98491394582382,-166.31189910297613,-101.68002841168264
1.186194943877948,233.99636150071007,-165.0541261187291,-103.25788012230852
1.1874528388343402,234.00115572790043,-163.7873433661912,-104.82170865200261
1.1887107337907326,233.9997973686827,-162.51157731015172,-106.37204547869136
1.189968628747125,233.99282653637783,-161.2268839171631,-107.9094854801519
1.1912265237035171,233.98081852508773,-159.93335182757167,-109.434675851555
1.1924844186599095,233.96437891368285,-158.63110461706674,-110.94830455105725
1.193742313616302,233.94413802078245,-157.3203020819826,-112.4510884610284
1.195000208572694,233.92074477993384,-156.00114050280283,-113.94376145580587
1.1962581035290865,233.89486011656376,-154.67385186165237,-115.42706256675152
1.1975159984854788,233.86714991927568,-153.33870201160187,-116.90172443188462
1.198773893441871,233.83827770747112,-151.99598781789356,-118.3684622105465
1.2000317883982634,233.80889710487745,-150.64603331331844,-119.82796313351399
1.2012896833546556,233.77964423417993,-149.28918493145997,-121.28087684595499
1.202547578311048,233.7511301514734,-147.9258059019378,-122.7278066848367
1.2038054732674404,233.72393344055897,-146.55626991074124,-124.16930201415022
1.2050633682238325,233.69859308617822,-145.18095414581884,-125.60585172099002
1.206321263180225,233.67560174210394,-143.80023186295466,-127.03787895345567
1.2075791581366173,233.6553995046285,-142.41446461929786,-128.46573715799664
1.2088370530930095,233.63836829451165,-141.0239943314366,-129.8897074496262
1.2100949480494019,233.6248269409939,-139.6291353214406,-131.30999732382892
1.211352843005794,233.61502705022784,-138.23016651766997,-132.72674069447785
1.2126107379621864,233.60914972764374,-136.82732397724664,-134.1399992180993
1.2138686329185788,233.60730320958024,-135.4207938939471,-135.54976484183518
1.215126527874971,233.60952144426267,-134.010706248852,-136.95596349089698
1.2163844228313634,233.6157636461819,-132.5971292515552,-138.35845979156025
1.2176423177877558,233.62591483143368,-131.18006470720863,-139.7570627081975
1.218900212744148,233.6397873249368,-129.7594444293911,-141.15153195781213
1.2201581077005403,233.65712321398468,-128.33512780103217,-142.54158505327314
1.2214160026569327,233.67759770661544,-126.90690056569588,-143.92690481718213
1.222673897613325,233.70082333812047,-125.47447490981688,-145.30714720220905
1.2239317925697173,233.72635495493995,-124.03749087339109,-146.68194925085774
1.2251896875261095,233.75369539249405,-122.59551910258006,-148.05093702804172
1.2264475824825019,233.78230175239744,-121.14806493313678,-149.41373336352243
1.2277054774388942,233.81159217522892,-119.69457376900054,-150.76996524805847
1.2289633723952864,233.84095299773023,-118.23443769625133,-152.11927073692218
1.2302212673516788,233.86974617813425,-116.76700324937357,-153.46130522701495
1.2314791623080712,233.89731687034998,-115.29158022485976,-154.7957469888828
1.2327370572644634,233.92300102700463,-113.80745141701729,-156.12230185222018
1.2339949522208558,233.94613291286248,-112.31388313281884,-157.44070696253
1.235252847177248,233.96605241384663,-110.81013632709615,-158.75073354716352
1.2365107421336403,233.98211203270165,-109.29547818660022,-160.05218865051603
1.2377686370900327,233.99368347010633,-107.76919398172693,-161.3449158203018
1.2390265320464249,234.00016369960528,-106.23059899816458,-162.62879474912998
1.2402844270028173,234.00098045587148,-104.67905035753475,-163.90373989758152
1.2415423219592097,233.99559706827802,-103.11395853630478,-165.1696981462371
1.2428002169156018,233.98351658530925,-101.53479839584672,-166.42664554421114
1.2440581118719942,233.96428514966146,-99.94111954345368,-167.6745832402804
1.2453160068283866,233.93749459869056,-98.33255585425346,-168.91353269934262
1.2465739017847788,233.90278427984524,-96.70883399708887,-170.1435303213515
1.2478317967411712,233.85984208556394,-95.06978082333403,-171.36462159179155
1.2490896916975633,233.80840472652173,-93.41532949597094,-172.57685490194464
1.2503475866539557,233.74825727577877,-91.7455242567099,-173.78027518352766
1.2516054816103481,233.67923202905985,-90.06052375115479,-174.97491750557995
1.2528633765667403,233.6012067378019,-88.3606028555099,-176.16080078178527
1.2541212715231327,233.51410228155694,-86.64615297273619,-177.33792173365975
1.255379166479525,233.4178798546181,-84.91768079088207,-178.50624924936233
1.2566370614359172,233.31253774821656,-83.17580552109908,-179.66571926938352
